{"energy": 482.93221566533117, "physics": {"coherence": 0.887064308947187, "friction": 0.5, "load": 8.2607421875}, "truthsync": {"verified": false, "claim": "Extraction of 0.39 AU from Axion Field at 153.4 MHz"}, "tick": 7740, "timestamp": 1767653342.6164587}